new_name	original_representative	n_members	isfinder_members
IS402	ISOSDB12132	2	IS402
IS3000	ISOSDB5593	2	IS3000
ISAcsp1	ISOSDB17867	2	ISAcsp1
ISApu1	ISOSDB15785	3	ISApu2,ISApu1
ISMlu11	ISOSDB1526	2	ISMlu11
IS903B	ISOSDB2726	4	IS903,IS903B,ISKpn21
ISShfr9	ISOSDB4118	2	ISShfr9
ISKox2	ISOSDB17090	2	ISKox2
IS1071	ISOSDB19269	2	IS1071
IS1294	ISOSDB19312	3	IS1294,ISEhe3
ISL4	ISOSDB15109	2	ISL4
ISLdl4	ISOSDB15110	2	ISLdl4
ISBrsp6	ISOSDB2059	2	ISBrsp6
ISXoo13	ISOSDB9621	2	ISXoo13
IS629	ISOSDB12635	4	IS4,IS3411,IS629
ISEnfa3	ISOSDB21465	2	ISEnfa3
ISBf10	ISOSDB445	2	ISBf10
ISKrh1	ISOSDB2056	2	ISKrh1
IS630	ISOSDB21601	2	IS630
ISKpn19	ISOSDB1802	2	ISKpn19
IS3507	ISOSDB14913	2	IS3507
ISCge1	ISOSDB1599	2	ISCge1
ISMsm8	ISOSDB7453	2	ISMsm8
ISXo3	ISOSDB8947	3	ISXo14,ISXo3
ISRm9	ISOSDB10566	2	ISRm9
ISKpn26	ISOSDB21338	2	ISKpn26
IS1068	ISOSDB11185	4	IS1069,IS1076,IS1068
ISPrre12	ISOSDB3346	2	ISPrre12
IS407	ISOSDB7951	2	IS407
IS2	ISOSDB15825	2	IS2
ISAba15	ISOSDB11874	2	ISAba15
IS1416	ISOSDB6163	2	IS1416
IS1191	ISOSDB22416	3	IS905,IS1191
ISSfl3	ISOSDB8741	2	ISSfl3
ISSd1	ISOSDB20541	3	IS600,ISSd1
ISRm14	ISOSDB8750	2	ISRm14
ISKpn10	ISOSDB11472	2	ISKpn10
ISEc38	ISOSDB12316	2	ISEc38
ISMae26	ISOSDB3450	2	ISMae26
ISPa108	ISOSDB8432	2	ISPa108
ISPfr21	ISOSDB2654	2	ISPfr21
IS26	ISOSDB9164	5	IS15DII,IS26,IS15DI,IS15DIV
ISXoo14	ISOSDB1205	2	ISXoo14
IS712	ISOSDB21794	2	IS712
ISKpn60	ISOSDB1029	2	ISKpn60
ISPst3	ISOSDB17281	2	ISPst3
ISAba17	ISOSDB1588	2	ISAba17
ISEfa7	ISOSDB9385	2	ISEfa7
ISBdi1	ISOSDB3279	2	ISBdi1
ISEbi1	ISOSDB777	2	ISEbi1
IS1203	ISOSDB22161	2	IS1203
ISRob1	ISOSDB134	2	ISRob1
ISAba1	ISOSDB8061	2	ISAba1
ISBthe6	ISOSDB9338	2	ISBthe6
ISEc23	ISOSDB8724	2	ISEc23
ISShdy4	ISOSDB20542	2	ISShdy4
ISP2	ISOSDB16870	2	ISP2
ISAba46	ISOSDB16047	2	ISAba46
ISAlw34	ISOSDB7410	2	ISAlw34
IS642	ISOSDB17880	2	IS642
IS231S	ISOSDB12356	2	IS231S
ISEc5	ISOSDB6500	3	ISEc5,ISEc1
ISRsp3	ISOSDB2376	2	ISRsp3
IS30	ISOSDB20216	3	IS30,IS30D
IS5564	ISOSDB20866	3	ISCgl1,IS5564
ISEc8	ISOSDB8706	2	ISEc8
ISKpn49	ISOSDB5849	2	ISKpn49
ISPa32	ISOSDB16006	2	ISPa32
ISAzo21	ISOSDB10377	2	ISAzo21
ISAzo19	ISOSDB10378	2	ISAzo19
ISKpn42	ISOSDB8013	2	ISKpn42
ISXo1	ISOSDB14258	2	ISXo1
ISSba11	ISOSDB11056	2	ISSba11
ISVa5	ISOSDB9229	2	ISVa5
ISBvu4	ISOSDB2678	2	ISBvu4
ISPa97	ISOSDB13159	2	ISPa97
IS1382	ISOSDB11351	2	IS1382
ISEfa18	ISOSDB6893	2	ISEfa18
IS5075	ISOSDB6351	3	IS4321R,IS5075
ISKpn12	ISOSDB2541	2	ISKpn12
ISPye25	ISOSDB14615	3	ISPye25,ISPye24
ISL1	ISOSDB17205	2	ISL1
ISKpn54	ISOSDB3468	2	ISKpn54
ISKpn78	ISOSDB21073	2	ISKpn78
ISAs2	ISOSDB13488	2	ISAs2
ISLhe66	ISOSDB7776	2	ISLhe66
ISVvu4	ISOSDB12530	2	ISVvu4
ISEc33	ISOSDB3436	2	ISEc33
ISSfr1	ISOSDB16137	2	ISSfr1
IS2606	ISOSDB8556	2	IS2606
ISVisp1	ISOSDB3059	2	ISVisp1
IS1419	ISOSDB1927	2	IS1419
ISLhe63	ISOSDB1033	2	ISLhe63
IS1R	ISOSDB22348	8	IS1D,IS1R,IS1B,IS1G,IS1S,IS1SD,IS1A
IS222	ISOSDB11873	2	IS222
ISPa31	ISOSDB6503	2	ISPa31
ISMha5	ISOSDB18411	2	ISMha5
ISSeq1	ISOSDB21515	2	ISSeq1
ISMha7	ISOSDB15679	2	ISMha7
IS1112	ISOSDB6453	4	IS1112b,IS1112,IS1112a
ISBco6	ISOSDB12392	2	ISBco6
ISPpu8	ISOSDB1982	2	ISPpu8
ISSen4	ISOSDB7457	2	ISSen4
ISButh3	ISOSDB16644	2	ISButh3
ISRme20	ISOSDB3660	2	ISRme20
ISSag8	ISOSDB13926	3	ISSag8,IS1563
IS10R	ISOSDB1509	5	IS10L,IS10R,ISKpn72,ISVsa5
ISSau3	ISOSDB8489	2	ISSau3
IS231V	ISOSDB17772	3	IS231V,IS231W
ISGps1	ISOSDB11730	2	ISGps1
ISPa11	ISOSDB8660	2	ISPa11
ISMyca1	ISOSDB11305	2	ISMyca1
ISAmo1	ISOSDB11378	2	ISAmo1
ISKpn74	ISOSDB3415	2	ISKpn74
ISKpn1	ISOSDB18872	2	ISKpn1
ISSeq4	ISOSDB10387	2	ISSeq4
IS1301	ISOSDB13767	3	IS1655,IS1301
ISBf3	ISOSDB44	2	ISBf3
ISEc53	ISOSDB7413	2	ISEc53
ISAs21	ISOSDB11469	2	ISAs21
ISXoo5	ISOSDB3815	2	ISXoo5
IS1661	ISOSDB12379	2	IS1661
ISShdy1	ISOSDB20176	2	ISShdy1
ISCku10	ISOSDB19705	2	ISCku10
ISXo5	ISOSDB17591	2	ISXo5
ISCysp8	ISOSDB10182	2	ISCysp8
ISXo18	ISOSDB14261	3	ISXo18,ISXo17
IS1182	ISOSDB9077	2	IS1182
ISBthe2	ISOSDB9322	2	ISBthe2
ISMae2	ISOSDB1944	2	ISMae2
IS612B	ISOSDB554	2	IS612B
IS1113	ISOSDB16439	2	IS1113
ISPph1	ISOSDB10134	2	ISPph1
ISBf4	ISOSDB616	2	ISBf4
ISAva5	ISOSDB10976	2	ISAva5
ISAzs8	ISOSDB9655	2	ISAzs8
ISDre3	ISOSDB9936	2	ISDre3
ISAmde1	ISOSDB10318	2	ISAmde1
IS16	ISOSDB7337	2	IS16
ISSdi1	ISOSDB11702	2	ISSdi1
ISBma1	ISOSDB12133	2	ISBma1
IS1002	ISOSDB15330	2	IS1002
ISPph3	ISOSDB10135	2	ISPph3
ISLla3	ISOSDB7093	2	ISLla3
ISBlo9	ISOSDB22	2	ISBlo9
IS911	ISOSDB9699	2	IS911
ISNml3	ISOSDB10314	2	ISNml3
ISXac2	ISOSDB15143	2	ISXac2
ISPcc4	ISOSDB4534	2	ISPcc4
ISAcfe2	ISOSDB10249	2	ISAcfe2
ISAcfe1	ISOSDB10250	2	ISAcfe1
ISMgi3	ISOSDB10763	2	ISMgi3
IS481v2	ISOSDB17662	4	IS481v1,IS481,IS481v2
ISCasp2	ISOSDB11640	2	ISCasp2
ISRba5	ISOSDB10866	2	ISRba5
ISRme14	ISOSDB4897	2	ISRme14
ISRm16	ISOSDB9253	2	ISRm16
ISSpu7	ISOSDB4537	2	ISSpu7
ISPlu4	ISOSDB10867	2	ISPlu4
ISPsy36	ISOSDB11723	2	ISPsy36
ISBas1	ISOSDB729	2	ISBas1
ISMex10	ISOSDB10426	2	ISMex10
ISTps2	ISOSDB10698	2	ISTps2
ISMno10	ISOSDB10216	2	ISMno10
ISAs12	ISOSDB3889	2	ISAs12
IS1193D	ISOSDB4107	3	IS1193D,IS1193
ISClhy1	ISOSDB3969	2	ISClhy1
ISAs25	ISOSDB2042	2	ISAs25
ISSag10	ISOSDB259	2	ISSag10
ISPsp9	ISOSDB1770	2	ISPsp9
ISBcy1	ISOSDB15066	2	ISBcy1
ISStau7	ISOSDB10635	2	ISStau7
ISNpu4	ISOSDB10100	2	ISNpu4
ISKpn34	ISOSDB4708	2	ISKpn34
ISBli18	ISOSDB9521	2	ISBli18
ISBli4	ISOSDB13925	2	ISBli4
ISSth1b	ISOSDB15335	2	ISSth1b
ISBce2	ISOSDB4625	2	ISBce2
ISBli23	ISOSDB17299	2	ISBli23
ISSpn5	ISOSDB2151	2	ISSpn5
ISBli30	ISOSDB9060	2	ISBli30
IS981	ISOSDB14647	2	IS981
ISRm5	ISOSDB2772	2	ISRm5
ISEc68	ISOSDB6612	2	ISEc68
ISTth3	ISOSDB1081	2	ISTth3
ISLsp3	ISOSDB12715	2	ISLsp3
ISCef1	ISOSDB9673	2	ISCef1
IS616	ISOSDB18121	3	IS1188,IS616
ISRmsp2	ISOSDB801	2	ISRmsp2
ISRsp8	ISOSDB7012	2	ISRsp8
IS1677	ISOSDB12091	2	IS1677
ISCli1	ISOSDB12630	2	ISCli1
ISSyth2	ISOSDB9618	2	ISSyth2
ISSsu5	ISOSDB1513	2	ISSsu5
ISMaq5	ISOSDB9884	2	ISMaq5
IS1678	ISOSDB7313	2	IS1678
ISRm17	ISOSDB21700	2	ISRm17
ISRsp17	ISOSDB9254	2	ISRsp17
ISLpn13	ISOSDB6295	2	ISLpn13
ISTeha6	ISOSDB9027	2	ISTeha6
ISRle10	ISOSDB9585	2	ISRle10
ISPa7	ISOSDB5614	2	ISPa7
ISPme1	ISOSDB17849	2	ISPme1
ISBdi3	ISOSDB14166	2	ISBdi3
IS1380A	ISOSDB14014	3	IS1380B,IS1380A
ISBco3	ISOSDB2502	2	ISBco3
ISGvi6	ISOSDB9687	2	ISGvi6
ISAar43	ISOSDB21958	2	ISAar43
ISBthe3	ISOSDB12913	2	ISBthe3
ISClsp3	ISOSDB140	2	ISClsp3
ISRin1	ISOSDB629	2	ISRin1
ISBf8	ISOSDB4979	2	ISBf8
ISPmo1	ISOSDB7583	2	ISPmo1
ISMsm10	ISOSDB1351	2	ISMsm10
ISPa76	ISOSDB15478	2	ISPa76
ISEc9	ISOSDB15646	3	ISEc9,ISEcp1
IS231C	ISOSDB11529	2	IS231C
ISPse1	ISOSDB3576	2	ISPse1
IS231A	ISOSDB8990	3	IS231B,IS231A
ISRm20	ISOSDB10567	2	ISRm20
ISDsac1	ISOSDB11310	2	ISDsac1
ISGbr1	ISOSDB5319	2	ISGbr1
IS1181	ISOSDB16237	2	IS1181
ISPa1635	ISOSDB1442	2	ISPa1635
ISCph12	ISOSDB13699	2	ISCph12
IS1549	ISOSDB5289	2	IS1549
IS466	ISOSDB18728	2	IS466
ISPa45	ISOSDB7582	2	ISPa45
ISNha3	ISOSDB9788	2	ISNha3
IS1675	ISOSDB16804	2	IS1675
ISLpn9	ISOSDB13363	2	ISLpn9
ISVa18	ISOSDB20388	2	ISVa18
ISBmu11	ISOSDB13883	2	ISBmu11
ISBma2	ISOSDB19103	2	ISBma2
ISMpo3	ISOSDB10085	2	ISMpo3
ISClbo1	ISOSDB388	2	ISClbo1
ISMex4	ISOSDB10227	2	ISMex4
ISLasa2	ISOSDB13430	2	ISLasa2
ISMin1	ISOSDB11482	2	ISMin1
ISTco5	ISOSDB11144	2	ISTco5
ISGst1	ISOSDB9605	3	ISGst1,ISBst12
ISPa159	ISOSDB20903	2	ISPa159
IS4321L	ISOSDB7299	3	IS4321L,IS4321
ISGka5	ISOSDB14881	2	ISGka5
ISLru1	ISOSDB12713	2	ISLru1
ISGka3	ISOSDB16729	2	ISGka3
ISAtu3	ISOSDB6104	2	ISAtu3
IS615	ISOSDB235	2	IS615
ISBvu1	ISOSDB9325	2	ISBvu1
ISSac3	ISOSDB9751	3	ISSac3,ISSac2
ISKpn38	ISOSDB16531	2	ISKpn38
ISPsko2	ISOSDB7851	2	ISPsko2
ISBf12	ISOSDB5779	2	ISBf12
ISMahy3	ISOSDB12976	2	ISMahy3
ISDre5	ISOSDB9939	2	ISDre5
ISBco2	ISOSDB2945	2	ISBco2
IS1542	ISOSDB12076	2	IS1542
ISMav9	ISOSDB15162	2	ISMav9
ISEf1	ISOSDB4123	2	ISEf1
ISKpn28	ISOSDB19958	2	ISKpn28
IS1201	ISOSDB9894	2	IS1201
ISMaq3	ISOSDB5765	2	ISMaq3
IS257-2	ISOSDB3483	2	IS257-2
ISLmo15	ISOSDB11535	2	ISLmo15
ISLrh3	ISOSDB2189	2	ISLrh3
ISWpi18	ISOSDB8114	2	ISWpi18
ISEfa11	ISOSDB14949	2	ISEfa11
ISTeha7	ISOSDB11428	2	ISTeha7
ISPto3	ISOSDB10587	2	ISPto3
ISLpn5	ISOSDB7736	2	ISLpn5
ISAmo2	ISOSDB11379	2	ISAmo2
ISTeha4	ISOSDB9025	2	ISTeha4
ISLho2	ISOSDB12336	2	ISLho2
ISLca2	ISOSDB16299	2	ISLca2
ISPa33	ISOSDB1769	2	ISPa33
ISMaq4	ISOSDB9878	2	ISMaq4
ISTeha8	ISOSDB15043	2	ISTeha8
ISMno15	ISOSDB10217	2	ISMno15
ISPepr1	ISOSDB9853	2	ISPepr1
IS943	ISOSDB544	2	IS943
ISGur1	ISOSDB9972	2	ISGur1
ISSth2	ISOSDB12348	2	ISSth2
ISDre1	ISOSDB9938	2	ISDre1
ISAzo1	ISOSDB5675	2	ISAzo1
ISAfd1	ISOSDB2684	2	ISAfd1
ISAzo2	ISOSDB10380	2	ISAzo2
ISEc13	ISOSDB2872	2	ISEc13
ISRba4	ISOSDB10865	2	ISRba4
ISGka1	ISOSDB13303	2	ISGka1
ISHps3	ISOSDB20439	2	ISHps3
ISLin2	ISOSDB2120	4	IS1500A,IS1500B,ISLin2
ISKpn6	ISOSDB2392	2	ISKpn6
ISUnCu8	ISOSDB4290	2	ISUnCu8
ISPosp1	ISOSDB9776	2	ISPosp1
ISMex17	ISOSDB8427	2	ISMex17
ISEc81	ISOSDB2776	2	ISEc81
ISStma2	ISOSDB18340	2	ISStma2
ISKpn15	ISOSDB4311	2	ISKpn15
ISSsu2	ISOSDB5694	2	ISSsu2
ISXo4	ISOSDB8946	4	ISXo4,ISXoo4,ISXo9
ISSyth1	ISOSDB9619	2	ISSyth1
ISMno17	ISOSDB10214	2	ISMno17
ISBj5_B	ISOSDB4250	2	ISBj5_B
ISAhy1	ISOSDB6656	2	ISAhy1
IS1239	ISOSDB9644	2	IS1239
ISSeq6	ISOSDB21514	2	ISSeq6
ISEfa12	ISOSDB19082	2	ISEfa12
ISXca5	ISOSDB9584	2	ISXca5
ISGdi16	ISOSDB10158	2	ISGdi16
IS1520	ISOSDB18383	2	IS1520
ISLmo10	ISOSDB14711	2	ISLmo10
ISCbo4	ISOSDB10982	2	ISCbo4
IS1557	ISOSDB18667	2	IS1557
ISPg5	ISOSDB15484	2	ISPg5
ISBce14	ISOSDB1857	2	ISBce14
ISLdl1	ISOSDB14178	2	ISLdl1
ISXc6	ISOSDB4472	3	IS1478,ISXc6
ISLse1	ISOSDB5806	2	ISLse1
ISAeme19	ISOSDB5832	2	ISAeme19
ISWosp2	ISOSDB3038	2	ISWosp2
ISLpl2	ISOSDB1259	2	ISLpl2
ISXo15	ISOSDB14259	2	ISXo15
IS1501	ISOSDB21244	2	IS1501
ISLpn6	ISOSDB2090	2	ISLpn6
ISSha1	ISOSDB9612	2	ISSha1
ISBth10	ISOSDB1856	2	ISBth10
ISAba45	ISOSDB3443	2	ISAba45
ISSpu9	ISOSDB6680	2	ISSpu9
ISYen1	ISOSDB13833	2	ISYen1
ISPfr8	ISOSDB2656	2	ISPfr8
ISGvi2	ISOSDB9686	2	ISGvi2
ISUnCu9	ISOSDB15608	2	ISUnCu9
ISSysp3	ISOSDB10067	2	ISSysp3
ISAzvi8	ISOSDB10151	2	ISAzvi8
ISThsp15	ISOSDB14582	2	ISThsp15
ISRba1	ISOSDB10861	2	ISRba1
ISBth167	ISOSDB3678	2	ISBth167
ISAcma16	ISOSDB4051	2	ISAcma16
ISEcB1	ISOSDB14646	2	ISEcB1
IS1562	ISOSDB17776	2	IS1562
ISRso11	ISOSDB20324	2	ISRso11
ISWosp7	ISOSDB8116	2	ISWosp7
IS1397	ISOSDB16028	2	IS1397
IS256	ISOSDB7877	2	IS256
ISRso17	ISOSDB21522	2	ISRso17
ISMno38	ISOSDB10211	2	ISMno38
ISMno8	ISOSDB10212	2	ISMno8
ISVsa9	ISOSDB17089	2	ISVsa9
ISCth5	ISOSDB2436	2	ISCth5
ISWosp9	ISOSDB6888	2	ISWosp9
ISRso13	ISOSDB7485	2	ISRso13
ISMfl1	ISOSDB10761	2	ISMfl1
ISBvi1	ISOSDB14072	2	ISBvi1
ISPsy33	ISOSDB15494	2	ISPsy33
ISVch11	ISOSDB7305	2	ISVch11
ISCb4	ISOSDB8231	2	ISCb4
ISAeme15	ISOSDB8623	2	ISAeme15
IS861	ISOSDB16952	2	IS861
IS1207	ISOSDB10886	3	IS1207,IS31831
ISSba6	ISOSDB4122	2	ISSba6
IS1664	ISOSDB7441	2	IS1664
ISNha1	ISOSDB9794	2	ISNha1
ISNha2	ISOSDB1933	2	ISNha2
ISSth6	ISOSDB6257	2	ISSth6
ISVbsp1	ISOSDB4508	2	ISVbsp1
ISAeme14	ISOSDB11470	2	ISAeme14
ISBj9	ISOSDB20796	2	ISBj9
ISMsm4	ISOSDB7221	2	ISMsm4
IS204	ISOSDB4379	2	IS204
ISL6	ISOSDB8639	2	ISL6
ISVvu2	ISOSDB16613	2	ISVvu2
ISSphsp12	ISOSDB20987	2	ISSphsp12
ISLsa2	ISOSDB16803	2	ISLsa2
ISBj6_B	ISOSDB1367	2	ISBj6_B
ISAav2	ISOSDB2823	2	ISAav2
ISGdi13	ISOSDB10157	2	ISGdi13
ISEc30	ISOSDB15995	2	ISEc30
ISCef4	ISOSDB9672	2	ISCef4
ISVa16	ISOSDB1568	2	ISVa16
ISBmu6	ISOSDB6201	2	ISBmu6
ISApl3	ISOSDB7412	3	ISApl3,ISApl2
ISAzvi10	ISOSDB10152	2	ISAzvi10
ISRhru2	ISOSDB1792	2	ISRhru2
IS1132	ISOSDB6456	2	IS1132
ISPfr6	ISOSDB16389	2	ISPfr6
ISWen1	ISOSDB3046	2	ISWen1
ISGva2	ISOSDB6538	2	ISGva2
ISPg7	ISOSDB15481	2	ISPg7
ISBcen9	ISOSDB21033	2	ISBcen9
ISVvu3	ISOSDB18957	2	ISVvu3
ISAzs4	ISOSDB9661	2	ISAzs4
ISHin1	ISOSDB16428	2	ISHin1
ISAar30	ISOSDB13179	2	ISAar30
ISPsy8	ISOSDB5867	2	ISPsy8
ISStma20	ISOSDB4839	2	ISStma20
ISNha10	ISOSDB19838	2	ISNha10
ISPfr1	ISOSDB16390	2	ISPfr1
ISAs30	ISOSDB7082	2	ISAs30
ISAeme12	ISOSDB11471	2	ISAeme12
ISMae8	ISOSDB1412	2	ISMae8
ISAlw10	ISOSDB21487	2	ISAlw10
ISLbp1	ISOSDB9205	2	ISLbp1
ISGdi12	ISOSDB10412	2	ISGdi12
ISAon1	ISOSDB4584	2	ISAon1
ISTrsp2	ISOSDB11141	2	ISTrsp2
IS1411	ISOSDB12013	3	IS1411,ISPsp2
IS1452	ISOSDB14005	2	IS1452
ISMdi13	ISOSDB4202	2	ISMdi13
ISAli7	ISOSDB9656	2	ISAli7
ISCro6	ISOSDB1506	2	ISCro6
IS1271	ISOSDB17178	2	IS1271
IST2	ISOSDB18934	2	IST2
IS1310	ISOSDB8285	2	IS1310
IS4Bsu1	ISOSDB5595	2	IS4Bsu1
IS2001	ISOSDB6103	2	IS2001
ISBlo5	ISOSDB21336	2	ISBlo5
ISBlo4	ISOSDB560	2	ISBlo4
IS1249	ISOSDB797	2	IS1249
ISPto2	ISOSDB10586	2	ISPto2
ISMul1	ISOSDB1283	2	ISMul1
ISClbu2	ISOSDB12998	2	ISClbu2
ISBli11	ISOSDB17298	2	ISBli11
ISAlw8	ISOSDB6374	2	ISAlw8
ISTesp2	ISOSDB6512	2	ISTesp2
IS1632	ISOSDB19382	2	IS1632
ISLpn1	ISOSDB19502	2	ISLpn1
ISAlw9	ISOSDB8662	2	ISAlw9
ISAzs6	ISOSDB9647	2	ISAzs6
ISAeme3	ISOSDB8042	2	ISAeme3
IS1169	ISOSDB329	2	IS1169
ISTeha5	ISOSDB16917	2	ISTeha5
ISCku3	ISOSDB8416	2	ISCku3
IS3509	ISOSDB9558	2	IS3509
IS3503	ISOSDB21653	2	IS3503
IS186B	ISOSDB9179	4	IS421,IS186B,IS186A
ISArsp2	ISOSDB10875	2	ISArsp2
ISRj2	ISOSDB4863	2	ISRj2
ISButh5	ISOSDB12480	2	ISButh5
ISRssp10	ISOSDB18827	2	ISRssp10
IS621	ISOSDB3240	2	IS621
IS987	ISOSDB8568	4	IS6110,IS987,IS986
ISPlan1	ISOSDB13709	2	ISPlan1
IS1137	ISOSDB1353	2	IS1137
ISGdi8	ISOSDB10413	2	ISGdi8
ISButh6	ISOSDB22177	2	ISButh6
ISHhy1	ISOSDB11002	2	ISHhy1
IS1548	ISOSDB14874	2	IS1548
ISBaov2	ISOSDB6324	3	ISBaov2,ISBthe4
ISCasp1	ISOSDB11637	2	ISCasp1
ISPtu1	ISOSDB15177	2	ISPtu1
ISRhosp4	ISOSDB22242	2	ISRhosp4
IS1663	ISOSDB9458	2	IS1663
ISCoco1	ISOSDB11316	2	ISCoco1
ISBith1	ISOSDB6094	2	ISBith1
ISRm21	ISOSDB14861	2	ISRm21
ISVat2	ISOSDB2415	2	ISVat2
ISKox3	ISOSDB15678	2	ISKox3
IS999	ISOSDB9848	2	IS999
IS994	ISOSDB10036	2	IS994
ISAba63	ISOSDB12706	2	ISAba63
ISCfr12	ISOSDB4325	2	ISCfr12
ISPg8	ISOSDB12770	3	IS1126,ISPg8
ISBph2	ISOSDB10105	2	ISBph2
ISPst12	ISOSDB4268	2	ISPst12
ISBth8	ISOSDB12115	2	ISBth8
ISRme1	ISOSDB3149	2	ISRme1
ISMca1	ISOSDB6139	2	ISMca1
ISSiac3	ISOSDB11226	2	ISSiac3
ISRisp1	ISOSDB11600	2	ISRisp1
ISAba42	ISOSDB13556	2	ISAba42
IS10A	ISOSDB14754	2	IS10A
ISCbu1	ISOSDB17315	2	ISCbu1
ISPosp4	ISOSDB9308	2	ISPosp4
IS1X3	ISOSDB6519	2	IS1X3
ISPa8	ISOSDB16534	2	ISPa8
ISEc29	ISOSDB2271	2	ISEc29
ISAlw5	ISOSDB19317	2	ISAlw5
ISAba29	ISOSDB19363	2	ISAba29
ISAs3	ISOSDB3234	2	ISAs3
ISDisp1	ISOSDB4968	2	ISDisp1
ISBsu1	ISOSDB5620	2	ISBsu1
ISBt2	ISOSDB16947	2	ISBt2
IS1512	ISOSDB4951	2	IS1512
ISSpwi2	ISOSDB20937	2	ISSpwi2
ISAlw4	ISOSDB5067	2	ISAlw4
ISBt3	ISOSDB13887	2	ISBt3
ISAba34	ISOSDB16005	2	ISAba34
ISStma7	ISOSDB1865	2	ISStma7
ISMca3	ISOSDB5159	2	ISMca3
IS1203E	ISOSDB8942	2	IS1203E
ISMaq2	ISOSDB11462	2	ISMaq2
ISSfl1	ISOSDB21600	2	ISSfl1
ISSde1	ISOSDB9774	2	ISSde1
IS401	ISOSDB15725	2	IS401
ISMcte1	ISOSDB2041	2	ISMcte1
IS51	ISOSDB9701	2	IS51
ISAnsp2	ISOSDB10140	2	ISAnsp2
ISPcc2	ISOSDB17056	2	ISPcc2
ISAlw23	ISOSDB19314	2	ISAlw23
ISPlag1	ISOSDB1711	2	ISPlag1
ISAzvi11	ISOSDB10147	2	ISAzvi11
ISAba19	ISOSDB19318	2	ISAba19
ISBli22	ISOSDB13919	2	ISBli22
ISLmo1	ISOSDB7250	2	ISLmo1
ISEc60	ISOSDB8707	2	ISEc60
ISAba2	ISOSDB20050	2	ISAba2
IS1001	ISOSDB3109	2	IS1001
ISPcc1	ISOSDB4224	2	ISPcc1
ISLhe6	ISOSDB12580	2	ISLhe6
ISKpn18	ISOSDB998	2	ISKpn18
ISRm3	ISOSDB6085	3	ISRm3G,ISRm3
ISSba4	ISOSDB10024	2	ISSba4
ISPsy28	ISOSDB14549	2	ISPsy28
ISVsa14	ISOSDB17085	2	ISVsa14
ISBli17	ISOSDB17057	2	ISBli17
ISWpi17	ISOSDB3094	2	ISWpi17
ISAbe18	ISOSDB13044	2	ISAbe18
ISRme13	ISOSDB9171	2	ISRme13
ISRpa3	ISOSDB16020	2	ISRpa3
ISCro2	ISOSDB1505	2	ISCro2
ISEc19	ISOSDB2649	2	ISEc19
ISVei1	ISOSDB9914	2	ISVei1
ISMex5	ISOSDB10233	2	ISMex5
ISErh1	ISOSDB5177	2	ISErh1
ISAzo11	ISOSDB10375	2	ISAzo11
ISBxe3	ISOSDB9761	2	ISBxe3
IS1246	ISOSDB18963	2	IS1246
ISNhal1	ISOSDB10324	2	ISNhal1
ISRel1	ISOSDB10163	2	ISRel1
ISAcsp12	ISOSDB17866	2	ISAcsp12
ISRle4	ISOSDB19856	2	ISRle4
ISPye34	ISOSDB8201	2	ISPye34
IS1470	ISOSDB2216	2	IS1470
ISAlw7	ISOSDB6726	2	ISAlw7
ISSau4	ISOSDB2188	2	ISSau4
ISR1	ISOSDB6867	2	ISR1
ISBj20	ISOSDB17414	2	ISBj20
IS1X4	ISOSDB16244	2	IS1X4
ISAzs22	ISOSDB9657	2	ISAzs22
ISAeme20	ISOSDB8054	2	ISAeme20
ISHha1	ISOSDB9919	2	ISHha1
ISMae43	ISOSDB1413	2	ISMae43
ISEc31	ISOSDB5816	2	ISEc31
IS3	ISOSDB3354	4	ISEc17,IS3F,IS3
ISAs18	ISOSDB13486	2	ISAs18
IS1230B	ISOSDB2004	3	IS1230B,ISSty2
ISTth4	ISOSDB4371	2	ISTth4
ISAar3	ISOSDB21105	2	ISAar3
ISEc93	ISOSDB3561	2	ISEc93
ISEc52	ISOSDB3407	2	ISEc52
ISAjo3	ISOSDB19083	2	ISAjo3
IS5377	ISOSDB19357	2	IS5377
ISAba23	ISOSDB18782	2	ISAba23
ISKpn37	ISOSDB18871	2	ISKpn37
ISCARN8	ISOSDB11026	2	ISCARN8
ISAlw26	ISOSDB14793	2	ISAlw26
ISMae25	ISOSDB15998	2	ISMae25
ISStma15	ISOSDB22614	2	ISStma15
ISMae37	ISOSDB19169	2	ISMae37
ISVpa2	ISOSDB12944	2	ISVpa2
ISPa78	ISOSDB17700	2	ISPa78
ISEc16	ISOSDB1169	2	ISEc16
ISMex11	ISOSDB14294	2	ISMex11
ISShes1	ISOSDB14914	2	ISShes1
ISAs6	ISOSDB4882	2	ISAs6
ISMyma1	ISOSDB19550	2	ISMyma1
ISL7	ISOSDB10756	2	ISL7
IS1236	ISOSDB13238	2	IS1236
ISAeca4	ISOSDB8049	2	ISAeca4
IS1X2	ISOSDB1263	2	IS1X2
ISXac3	ISOSDB6898	2	ISXac3
IS711	ISOSDB12088	2	IS711
ISRso14	ISOSDB2114	2	ISRso14
ISGdi10	ISOSDB10414	2	ISGdi10
ISPen2	ISOSDB5503	2	ISPen2
ISAs7	ISOSDB6712	3	ISAs7,ISAs5
IS476	ISOSDB9700	2	IS476
ISKol8	ISOSDB10255	2	ISKol8
ISPsy29	ISOSDB5866	2	ISPsy29
IS30H	ISOSDB14557	2	IS30H
ISSac1	ISOSDB9752	2	ISSac1
ISXca1	ISOSDB1518	2	ISXca1
ISAs10	ISOSDB6711	3	ISAhy3,ISAs10
IS1222	ISOSDB7966	2	IS1222
ISPxasp2	ISOSDB12906	2	ISPxasp2
ISKpn40	ISOSDB18946	2	ISKpn40
ISIlo12	ISOSDB9574	2	ISIlo12
ISAar1	ISOSDB10952	2	ISAar1
ISSth7	ISOSDB11306	2	ISSth7
ISPsy46	ISOSDB15771	2	ISPsy46
IS1021	ISOSDB12825	2	IS1021
ISBmu2	ISOSDB13941	2	ISBmu2
ISPsp6	ISOSDB4109	2	ISPsp6
ISBmu23	ISOSDB9258	2	ISBmu23
IS5	ISOSDB18910	3	IS5B,IS5
ISDsp5	ISOSDB10346	3	ISDsp5,ISDet3
ISAs1	ISOSDB8053	2	ISAs1
ISDra1	ISOSDB13514	2	ISDra1
IS1194	ISOSDB19511	2	IS1194
IS895	ISOSDB9598	2	IS895
IS1404	ISOSDB3666	2	IS1404
IS1403	ISOSDB14653	2	IS1403
ISAba57	ISOSDB2486	2	ISAba57
ISPsa2	ISOSDB13115	2	ISPsa2
ISAcma41	ISOSDB4057	2	ISAcma41
ISPa16	ISOSDB3644	3	ISPa16,ISPpu18
ISVch5	ISOSDB19427	2	ISVch5
ISAs22	ISOSDB6432	2	ISAs22
ISKpn14	ISOSDB6692	2	ISKpn14
ISMaq1	ISOSDB9885	2	ISMaq1
ISAba20	ISOSDB22462	2	ISAba20
ISPst5	ISOSDB2912	2	ISPst5
ISThi1	ISOSDB3054	5	ISPsp1,IS1384,ISThi1,ISPre2
ISAha1	ISOSDB4619	2	ISAha1
ISKpn20	ISOSDB7964	2	ISKpn20
ISPye5	ISOSDB15457	2	ISPye5
ISPa195	ISOSDB12925	2	ISPa195
IS2000	ISOSDB11091	2	IS2000
ISSfl11	ISOSDB1170	2	ISSfl11
ISPna1	ISOSDB9904	2	ISPna1
ISAba33	ISOSDB21846	2	ISAba33
IS1405	ISOSDB4266	2	IS1405
ISSysp2	ISOSDB13077	2	ISSysp2
ISPsy32	ISOSDB21500	2	ISPsy32
ISPsy19	ISOSDB5072	2	ISPsy19
ISGdi4	ISOSDB10411	2	ISGdi4
ISAzs14	ISOSDB9650	2	ISAzs14
ISNme4	ISOSDB10821	3	IS1016C,ISNme4
ISAli3	ISOSDB11433	2	ISAli3
ISMex18	ISOSDB15256	2	ISMex18
ISBmu8	ISOSDB9635	2	ISBmu8
ISFw2	ISOSDB14116	2	ISFw2
ISAeme16	ISOSDB1709	2	ISAeme16
ISAcma32	ISOSDB4044	2	ISAcma32
IS1479	ISOSDB5713	3	IS1646,IS1479
ISRso5	ISOSDB7480	2	ISRso5
ISAva6	ISOSDB10973	2	ISAva6
ISAhy2	ISOSDB4351	2	ISAhy2
ISCth1	ISOSDB9931	2	ISCth1
ISSen5	ISOSDB19245	2	ISSen5
ISSen14	ISOSDB16145	2	ISSen14
ISSpu2	ISOSDB12205	2	ISSpu2
ISAba48	ISOSDB16614	2	ISAba48
ISAba13	ISOSDB6339	2	ISAba13
IS14999	ISOSDB18214	2	IS14999
ISSod16	ISOSDB3919	2	ISSod16
ISPeat1	ISOSDB12016	2	ISPeat1
IS6100	ISOSDB1613	2	IS6100
ISKpn13	ISOSDB12532	2	ISKpn13
ISBs2	ISOSDB21125	2	ISBs2
ISShsp4	ISOSDB14198	2	ISShsp4
ISRjo2	ISOSDB9821	2	ISRjo2
ISPlu10	ISOSDB10869	2	ISPlu10
ISDge5	ISOSDB10877	2	ISDge5
ISPg6	ISOSDB22749	2	ISPg6
ISMae27	ISOSDB1409	2	ISMae27
ISFop1	ISOSDB16424	2	ISFop1
ISMae22	ISOSDB14681	2	ISMae22
IS1F	ISOSDB8014	3	IS1F,IS1X1
ISBli13	ISOSDB13922	2	ISBli13
ISAcma28	ISOSDB4038	2	ISAcma28
IS431mec	ISOSDB5951	7	IS431L,IS257R1,IS431R,IS431mec,IS257-1,IS257R2
ISAba10	ISOSDB6117	2	ISAba10
ISLbp3	ISOSDB9204	2	ISLbp3
ISMsm2	ISOSDB11701	2	ISMsm2
ISRmsp1	ISOSDB402	2	ISRmsp1
ISPa47	ISOSDB13819	2	ISPa47
ISDds7	ISOSDB10138	2	ISDds7
ISAba11	ISOSDB16563	2	ISAba11
ISDge6	ISOSDB10880	2	ISDge6
ISMva1	ISOSDB6010	2	ISMva1
ISStma1	ISOSDB6834	2	ISStma1
ISAisp1	ISOSDB13849	3	ISAisp1,ISCsp2
ISMsm5	ISOSDB1348	2	ISMsm5
ISPfr15	ISOSDB7555	2	ISPfr15
ISWpi10	ISOSDB3006	2	ISWpi10
ISSpu8	ISOSDB3918	2	ISSpu8
ISPfr17	ISOSDB8245	2	ISPfr17
ISParac1	ISOSDB12103	2	ISParac1
ISMav3	ISOSDB9846	2	ISMav3
ISMav4	ISOSDB3593	2	ISMav4
ISMtsp1	ISOSDB10061	2	ISMtsp1
ISErh2	ISOSDB11769	2	ISErh2
ISMyma6	ISOSDB4234	2	ISMyma6
ISMesi2	ISOSDB10450	2	ISMesi2
ISPa104	ISOSDB5502	2	ISPa104
ISXo2	ISOSDB15727	2	ISXo2
ISAlw18	ISOSDB2203	2	ISAlw18
IS1121	ISOSDB6598	2	IS1121
ISGlo3	ISOSDB10118	2	ISGlo3
IS1595	ISOSDB4978	2	IS1595
IS1649	ISOSDB11341	4	ISSco1,IS1649,IS1652
ISSoc15	ISOSDB9732	3	ISSoc15,ISSoc4
ISApl1	ISOSDB16519	2	ISApl1
ISXo16	ISOSDB951	2	ISXo16
IS195	ISOSDB12747	2	IS195
ISSiac2	ISOSDB11229	2	ISSiac2
ISMsa1	ISOSDB17261	2	ISMsa1
ISAcma36	ISOSDB4049	2	ISAcma36
ISDra3	ISOSDB1308	2	ISDra3
ISPpu17	ISOSDB6956	2	ISPpu17
IS1062	ISOSDB8923	2	IS1062
ISXtr1	ISOSDB7534	2	ISXtr1
ISPsme1	ISOSDB7934	2	ISPsme1
ISAs13	ISOSDB8041	2	ISAs13
ISCmi2	ISOSDB6600	2	ISCmi2
ISLsa1	ISOSDB3637	2	ISLsa1
ISGdi6	ISOSDB10409	2	ISGdi6
ISMdi4	ISOSDB5701	2	ISMdi4
ISAs4	ISOSDB8045	2	ISAs4
ISMdi20	ISOSDB8003	2	ISMdi20
ISRm2011-2	ISOSDB15153	2	ISRm2011-2
IS19	ISOSDB21703	2	IS19
ISSod12	ISOSDB16053	2	ISSod12
IS102	ISOSDB21417	2	IS102
ISVvu5	ISOSDB1396	3	ISVpa3,ISVvu5
ISPrre2	ISOSDB7306	2	ISPrre2
ISVa2	ISOSDB9230	2	ISVa2
ISBcen26	ISOSDB12928	2	ISBcen26
ISSpu16	ISOSDB3921	2	ISSpu16
ISPosp3	ISOSDB9781	2	ISPosp3
ISPam2	ISOSDB11794	2	ISPam2
ISEfm1	ISOSDB17860	2	ISEfm1
ISLpl1	ISOSDB7488	3	ISPp1,ISLpl1
ISRm10	ISOSDB10562	2	ISRm10
ISRsu1	ISOSDB13150	2	ISRsu1
ISEc35	ISOSDB3592	2	ISEc35
IS17	ISOSDB21382	2	IS17
ISAba12	ISOSDB1689	2	ISAba12
IS1070	ISOSDB21645	2	IS1070
ISAjo1	ISOSDB17563	2	ISAjo1
ISDra4	ISOSDB1307	2	ISDra4
ISBdi14	ISOSDB4251	2	ISBdi14
ISCte7	ISOSDB20741	2	ISCte7
ISGdi9	ISOSDB10416	2	ISGdi9
IS1187	ISOSDB818	2	IS1187
ISFsp7	ISOSDB9744	2	ISFsp7
ISAav5	ISOSDB13317	3	ISAav5,ISAisp3
ISAha2	ISOSDB7323	2	ISAha2
ISAba40	ISOSDB4524	2	ISAba40
ISAba59	ISOSDB15488	2	ISAba59
ISAba53	ISOSDB8218	2	ISAba53
ISAtsp7	ISOSDB1987	2	ISAtsp7
ISKpn3	ISOSDB3560	2	ISKpn3
ISAeca5	ISOSDB15770	2	ISAeca5
ISLll1	ISOSDB7094	5	IS982B,IS982,IS982C,ISLll1
ISCaq1	ISOSDB2674	2	ISCaq1
ISAzvi1	ISOSDB10150	2	ISAzvi1
ISPma1	ISOSDB5753	2	ISPma1
ISVch1	ISOSDB3394	2	ISVch1
ISEc18	ISOSDB15681	2	ISEc18
ISRel12	ISOSDB12276	2	ISRel12
ISAae1	ISOSDB9576	2	ISAae1
ISSpal1	ISOSDB9798	2	ISSpal1
ISAar38	ISOSDB10954	2	ISAar38
ISGsp1	ISOSDB21119	2	ISGsp1
ISCef3	ISOSDB9682	2	ISCef3
ISNe2	ISOSDB9577	2	ISNe2
ISVsa6	ISOSDB17088	2	ISVsa6
ISGth1	ISOSDB21124	2	ISGth1
ISBth18	ISOSDB13321	2	ISBth18
ISBs1	ISOSDB15151	2	ISBs1
ISNeu1	ISOSDB9581	2	ISNeu1
ISAbe9	ISOSDB15543	2	ISAbe9
ISCaac1	ISOSDB10283	2	ISCaac1
ISLh1	ISOSDB5955	2	ISLh1
ISPlu6	ISOSDB10870	2	ISPlu6
ISAzs16	ISOSDB9659	2	ISAzs16
ISPlu11	ISOSDB10871	2	ISPlu11
ISLpl4	ISOSDB16770	2	ISLpl4
ISRa1	ISOSDB1591	2	ISRa1
ISFiba1	ISOSDB8557	2	ISFiba1
ISBasa1	ISOSDB10812	2	ISBasa1
ISXne5	ISOSDB12546	2	ISXne5
ISAlw19	ISOSDB20345	2	ISAlw19
ISBbi1	ISOSDB3559	2	ISBbi1
ISBli8	ISOSDB13923	2	ISBli8
ISAba4	ISOSDB19976	2	ISAba4
ISMt1	ISOSDB1438	2	ISMt1
ISAcsp2	ISOSDB1360	2	ISAcsp2
ISAba825	ISOSDB13558	2	ISAba825
ISCef8	ISOSDB20173	2	ISCef8
ISAba9	ISOSDB4117	2	ISAba9
ISLhe7	ISOSDB3859	3	ISLhe1,ISLhe7
ISGeob3	ISOSDB10354	2	ISGeob3
ISLhe5	ISOSDB1031	2	ISLhe5
ISSpy2	ISOSDB8496	2	ISSpy2
ISHch3	ISOSDB9727	2	ISHch3
ISSsu12	ISOSDB2553	2	ISSsu12
ISCgl6	ISOSDB13074	2	ISCgl6
IS2020	ISOSDB12087	2	IS2020
ISSa4	ISOSDB16313	2	ISSa4
ISFbr1	ISOSDB11299	2	ISFbr1
ISCal1	ISOSDB10783	2	ISCal1
ISAcma25	ISOSDB4036	2	ISAcma25
ISSmu5	ISOSDB18710	2	ISSmu5
ISAlw15	ISOSDB1248	2	ISAlw15
ISAcma31	ISOSDB4043	2	ISAcma31
ISRhosp9	ISOSDB7137	2	ISRhosp9
ISAmi2	ISOSDB10245	2	ISAmi2
ISRm4-1	ISOSDB9111	2	ISRm4-1
IS1N	ISOSDB15829	2	IS1N
ISRm4-3	ISOSDB8104	3	ISRm4,ISRm4-3
ISRl2	ISOSDB2468	2	ISRl2
ISAs34	ISOSDB4541	2	ISAs34
ISStau10	ISOSDB10638	2	ISStau10
IS1031A	ISOSDB7801	3	IS1031A,ISGdi1
IS1031C	ISOSDB14489	3	IS1031C,IS1031D
ISRel20	ISOSDB15344	2	ISRel20
ISPal1	ISOSDB15787	2	ISPal1
ISBugl2	ISOSDB3531	2	ISBugl2
ISMex40	ISOSDB4898	2	ISMex40
ISMno12	ISOSDB10208	2	ISMno12
ISSfl7	ISOSDB15811	2	ISSfl7
ISWpi1	ISOSDB9551	2	ISWpi1
ISAlw14	ISOSDB14377	2	ISAlw14
ISAlw32	ISOSDB3314	2	ISAlw32
ISJp4	ISOSDB3661	2	ISJp4
ISBcen20	ISOSDB2001	2	ISBcen20
ISPs1	ISOSDB5463	2	ISPs1
ISBuph1	ISOSDB9759	2	ISBuph1
ISRme6	ISOSDB15098	2	ISRme6
ISCaa3	ISOSDB10123	2	ISCaa3
ISPst8	ISOSDB15477	2	ISPst8
ISOt6	ISOSDB8464	2	ISOt6
ISMra2	ISOSDB10073	2	ISMra2
IS5Sa2	ISOSDB4300	2	IS5Sa2
IS12528	ISOSDB8315	2	IS12528
IS630-Spn1	ISOSDB1058	2	IS630-Spn1
ISSsu3	ISOSDB11477	2	ISSsu3
ISAcma5	ISOSDB4047	2	ISAcma5
ISAac2	ISOSDB18485	2	ISAac2
ISXbo1	ISOSDB10393	2	ISXbo1
ISMpo1	ISOSDB15255	2	ISMpo1
ISAba44	ISOSDB1759	2	ISAba44
IS112	ISOSDB993	2	IS112
IS1502	ISOSDB5747	2	IS1502
ISGeob7	ISOSDB10353	2	ISGeob7
ISRso1	ISOSDB19734	2	ISRso1
ISAba27	ISOSDB19974	2	ISAba27
ISSod6	ISOSDB4903	2	ISSod6
ISGdi2	ISOSDB10159	2	ISGdi2
ISPrst3	ISOSDB3363	3	ISPrst2,ISPrst3
ISSpu10	ISOSDB9867	2	ISSpu10
ISAba37	ISOSDB9086	2	ISAba37
ISAzo23	ISOSDB5677	2	ISAzo23
ISL2A	ISOSDB9893	3	ISL2A,ISL2
ISRel11	ISOSDB12274	2	ISRel11
ISLpn10	ISOSDB3236	2	ISLpn10
ISFtu2	ISOSDB12367	2	ISFtu2
ISPa124	ISOSDB18220	2	ISPa124
ISAba31	ISOSDB13045	2	ISAba31
IS1421	ISOSDB5267	2	IS1421
ISBwe2	ISOSDB12204	2	ISBwe2
ISAcp3	ISOSDB10224	2	ISAcp3
ISAlw11	ISOSDB1246	2	ISAlw11
ISSpn7	ISOSDB5351	2	ISSpn7
ISAba60	ISOSDB7365	2	ISAba60
ISVha3	ISOSDB2274	2	ISVha3
ISPsy44	ISOSDB6946	2	ISPsy44
ISMch2	ISOSDB10188	2	ISMch2
ISLpl3	ISOSDB9502	2	ISLpl3
IS240A	ISOSDB11473	3	IS240B,IS240A
ISAbe13	ISOSDB8210	2	ISAbe13
IS1480a	ISOSDB6106	3	IS1480b,IS1480a
ISNemu1B	ISOSDB14618	3	ISNemu1B,ISNemu1A
ISAzba7	ISOSDB16255	2	ISAzba7
IS298	ISOSDB2365	2	IS298
ISPbe2	ISOSDB8160	2	ISPbe2
ISPme2	ISOSDB18705	2	ISPme2
ISPak1	ISOSDB22207	2	ISPak1
ISPaes1	ISOSDB2907	2	ISPaes1
IS1008	ISOSDB6231	3	IS1008,ISOur1
ISPko5	ISOSDB18788	3	ISPko5,ISPpa6
ISPmi4	ISOSDB21035	2	ISPmi4
ISAli9	ISOSDB11431	2	ISAli9
ISAzs9	ISOSDB9652	2	ISAzs9
ISAli12B	ISOSDB11432	3	ISAli12A,ISAli12B
ISCef5	ISOSDB11712	2	ISCef5
ISMex42	ISOSDB8425	2	ISMex42
ISStma16	ISOSDB11461	2	ISStma16
ISTel4	ISOSDB9684	2	ISTel4
ISAzba5	ISOSDB16148	2	ISAzba5
ISPaes2	ISOSDB2908	2	ISPaes2
ISPye49	ISOSDB17319	2	ISPye49
ISRhsp4	ISOSDB3429	2	ISRhsp4
ISMae3	ISOSDB1939	2	ISMae3
IS1628	ISOSDB12092	2	IS1628
IS1248B	ISOSDB6545	3	IS1248B,IS1248A
ISMex15	ISOSDB10230	2	ISMex15
ISPso2	ISOSDB18707	2	ISPso2
ISPpa2	ISOSDB20565	2	ISPpa2
IS1006	ISOSDB18513	2	IS1006
IS1216E	ISOSDB8922	4	IS1216V,IS1216,IS1216E
ISSod8	ISOSDB10548	2	ISSod8
ISSoc13	ISOSDB9735	2	ISSoc13
IS1007	ISOSDB6727	2	IS1007
ISCpr1	ISOSDB9696	2	ISCpr1
IS1297	ISOSDB21620	7	IS1297,ISS1M,ISS1CH,ISS1E,ISS1N,ISS1D
ISRH1	ISOSDB9117	2	ISRH1
ISLgar4	ISOSDB673	2	ISLgar4
ISAlw31	ISOSDB5880	2	ISAlw31
ISAlw13	ISOSDB20052	2	ISAlw13
ISXne2	ISOSDB12467	2	ISXne2
ISS1X	ISOSDB22509	9	ISS1RS,ISS1A,ISS1S,ISS1Z,ISS1B,ISS1T,ISS1X,IS946V
ISEnfa1	ISOSDB1822	2	ISEnfa1
ISLmo3	ISOSDB8677	2	ISLmo3
ISAba3	ISOSDB1250	2	ISAba3
ISAlw25	ISOSDB8593	2	ISAlw25
ISPa14	ISOSDB19325	2	ISPa14
ISSau6	ISOSDB19352	2	ISSau6
ISAlw3	ISOSDB19601	2	ISAlw3
ISVvu1	ISOSDB15175	2	ISVvu1
IS257-3	ISOSDB3578	2	IS257-3
ISLgu1	ISOSDB6224	2	ISLgu1
ISSen9	ISOSDB17523	2	ISSen9
ISNme3	ISOSDB8789	3	ISNme3,ISNme2
ISAju1	ISOSDB14316	2	ISAju1
ISFtu3	ISOSDB1151	2	ISFtu3
ISKki2	ISOSDB19883	2	ISKki2
ISAcra1	ISOSDB16393	2	ISAcra1
ISMha3	ISOSDB1200	2	ISMha3
IS1016	ISOSDB3210	2	IS1016
ISMha2	ISOSDB1485	2	ISMha2
ISApl4	ISOSDB4748	2	ISApl4
ISMha1	ISOSDB20487	2	ISMha1
ISMha4	ISOSDB1486	2	ISMha4
ISBta1	ISOSDB6689	2	ISBta1
ISEc75	ISOSDB19503	2	ISEc75
ISAcsp8	ISOSDB9195	2	ISAcsp8
ISFtu6	ISOSDB14091	2	ISFtu6
IS1016P	ISOSDB17996	2	IS1016P
IS1016V6	ISOSDB16457	6	IS1016V5,IS1016V3,IS1016V1,IS1016V6,IS1016V2
ISAba36	ISOSDB19328	2	ISAba36
